{
	"pattrstorage" : 	{
		"name" : "impr121cap12",
		"slots" : 		{
			"1" : 			{
				"id" : 1,
				"data" : 				{
					"pmidimin" : [ 20 ],
					"pmidimax" : [ 100 ],
					"pnoteoutm" : [ 1 ],
					"pchannel" : [ 2 ],
					"pnotesel" : [ 1 ],
					"pskiptheory" : [ 0 ],
					"ploudshape" : [ 1.0, 0.0, 1.0, 0.0, 0.0, 0, 0.095744680851064, 0.0, 0, 1.0, 1.0, 0, "linear" ],
					"pnoteshape" : [ 1.0, 0.0, 1.0, 0.0, 1.0, 0, 1.0, 0.0, 0, "linear" ]
				}

			}
,
			"2" : 			{
				"id" : 2,
				"data" : 				{
					"pmidimin" : [ 20 ],
					"pmidimax" : [ 100 ],
					"pnoteoutm" : [ 1 ],
					"pchannel" : [ 8 ],
					"pnotesel" : [ 1 ],
					"pskiptheory" : [ 0 ],
					"ploudshape" : [ 1.0, 0.0, 1.0, 0.0, 0.0, 0, 0.053191489361702, 0.0, 0, 0.058510638297872, 0.0, 0, 0.122340425531915, 0.0, 0, 0.159574468085106, 0.0, 0, 0.159574468085106, 0.013333333333333, 0, 1.0, 0.386666666666667, 0, "linear" ],
					"pnoteshape" : [ 1.0, 0.0, 1.0, 0.0, 0.0, 0, 1.0, 1.0, 0, "linear" ]
				}

			}
,
			"3" : 			{
				"id" : 3,
				"data" : 				{
					"pmidimin" : [ 20 ],
					"pmidimax" : [ 100 ],
					"pnoteoutm" : [ 1 ],
					"pchannel" : [ 2 ],
					"pnotesel" : [ 1 ],
					"pskiptheory" : [ 0 ],
					"ploudshape" : [ 1.0, 0.0, 1.0, 0.0, 0.0, 0, 0.095744680851064, 0.0, 0, 1.0, 1.0, 0, "linear" ],
					"pnoteshape" : [ 1.0, 0.0, 1.0, 0.0, 1.0, 0, 1.0, 0.0, 0, "linear" ]
				}

			}

		}

	}

}
