{
	"pattrstorage" : 	{
		"name" : "analogcap12",
		"slots" : 		{
			"2" : 			{
				"id" : 2,
				"data" : 				{
					"pmidimin" : [ 20 ],
					"pmidimax" : [ 100 ],
					"pnoteoutm" : [ 1 ],
					"pchannel" : [ 9 ],
					"pnotesel" : [ 1 ],
					"pskiptheory" : [ 0 ],
					"ploudshape" : [ 1.0, 0.0, 1.0, 0.0, 0.0, 0, 0.053191489361702, 0.0, 0, 0.053191489361702, 0.813333333333333, 0, 1.0, 1.0, 0, "linear" ],
					"pnoteshape" : [ 1.0, 0.0, 1.0, 0.0, 0.0, 0, 1.0, 1.0, 0, "linear" ]
				}

			}

		}

	}

}
